date,open,high,low,close,volume,vwap
2014-01-02,25.3653,25.5432,24.4873,24.8023,599387,25.0495
2014-01-03,25.314,25.4707,23.4978,24.111,477031,24.5984
2014-01-06,24.2998,24.4728,23.2523,23.2558,593053,23.8202
2014-01-07,23.3047,24.529,22.9954,23.7138,374227,23.6357
2014-01-08,23.8358,23.8362,22.9551,23.5821,634791,23.5523
2014-01-09,22.9675,23.6036,22.731,23.3529,503853,23.1637
2014-01-10,22.9211,24.7324,22.5661,24.3366,600670,23.6391
2014-01-13,24.3128,25.0646,23.7253,23.9006,416200,24.2508
2014-01-14,23.5725,24.4361,23.2069,24.1852,501955,23.8502
2014-01-15,23.8821,25.0462,23.1853,24.7658,599177,24.2199
2014-01-16,24.6809,24.8131,23.2384,23.4245,485545,24.0392
2014-01-17,23.144,23.6744,22.8021,22.9219,609505,23.1356
2014-01-20,22.7247,24.4031,22.2591,23.3417,252048,23.1821
2014-01-21,22.9527,23.9337,22.847,23.3508,424306,23.2711
2014-01-22,23.3356,24.1795,23.062,24.1661,449877,23.6858
2014-01-23,24.2961,25.5863,23.9607,25.1004,390671,24.7359
2014-01-24,25.1501,25.2694,24.1512,24.4209,100000,24.7479
2014-01-27,24.3782,24.9556,24.028,24.4759,854082,24.4594
2014-01-28,24.6318,25.9779,24.1701,25.822,566410,25.1504
2014-01-29,25.5298,26.2473,25.225,26.246,369112,25.8121
2014-01-30,25.8331,26.4548,25.6198,26.0779,427858,25.9964
2014-01-31,25.7877,26.0225,25.0935,25.8621,410937,25.6915
2014-02-03,25.9922,26.2377,25.6174,25.7066,281868,25.8885
2014-02-04,25.6403,26.1904,25.3447,26.0997,570425,25.8188
2014-02-05,26.0053,26.8536,25.8619,26.5053,553062,26.3065
2014-02-06,26.843,26.8762,24.8652,25.183,656018,25.9419
2014-02-07,25.0924,25.4636,24.6319,25.3074,231585,25.1238
2014-02-10,25.4476,25.7,24.6059,24.9365,482490,25.1725
2014-02-11,24.5735,26.31,24.5687,25.9744,605854,25.3566
2014-02-12,26.098,27.435,25.916,26.8275,448328,26.5691
2014-02-13,26.5154,27.7467,26.4373,27.51,441607,27.0524
2014-02-14,27.6994,27.9016,27.4152,27.5018,461884,27.6295
2014-02-17,27.6472,27.7646,25.3205,25.6595,361379,26.5979
2014-02-18,25.9952,26.4579,25.9028,26.1182,623257,26.1185
2014-02-19,26.3531,26.3907,25.9402,26.144,394957,26.207
2014-02-20,26.7351,26.8787,25.7127,26.5463,717541,26.4682
2014-02-21,26.4657,26.7339,25.5391,25.8177,486132,26.1391
2014-02-24,25.8513,26.2738,25.6591,26.0603,377662,25.9611
2014-02-25,26.4192,27.5237,24.2637,25.3071,385365,25.8784
2014-02-26,25.3567,25.8627,25.2117,25.6401,485252,25.5178
2014-02-27,25.3135,25.3589,24.674,24.8358,401218,25.0456
2014-02-28,24.5815,25.8884,24.2943,25.4186,621299,25.0457
2014-03-03,25.5635,25.7546,24.5177,25.2064,559842,25.2606
2014-03-04,25.2291,25.8025,24.7361,25.7597,226294,25.3819
2014-03-05,25.8758,26.3168,24.7233,25.111,489407,25.5067
2014-03-06,25.3476,25.5874,23.9192,24.2004,282822,24.7636
2014-03-07,23.7989,24.2524,23.4884,24.0697,472423,23.9024
2014-03-10,23.8929,24.2915,23.4765,23.7588,525793,23.855
2014-03-11,23.1692,24.7141,22.7086,24.6645,454139,23.8141
2014-03-12,24.7067,25.0273,24.2336,24.598,436802,24.6414
2014-03-13,25.0706,25.5586,24.1432,25.2254,347855,24.9995
2014-03-14,24.7482,25.7017,24.5154,25.5554,512894,25.1302
2014-03-17,25.5807,25.5848,24.3081,24.8548,439713,25.0821
2014-03-18,25.0958,26.0454,24.7782,25.587,523859,25.3766
2014-03-19,25.7775,26.2708,25.2305,25.44,578841,25.6797
2014-03-20,25.2599,25.745,23.9099,24.1924,361936,24.7768
2014-03-21,24.0439,24.601,23.5634,23.8214,740797,24.0074
2014-03-24,23.7518,23.8849,22.7564,22.9928,328417,23.3465
2014-03-25,23.205,24.1871,22.833,24.0263,312749,23.5629
2014-03-26,23.6379,24.1091,23.1969,23.7052,410260,23.6623
2014-03-27,23.2914,23.4084,21.9615,22.8975,292125,22.8897
2014-03-28,22.4054,22.6824,21.5877,22.4293,668654,22.2762
2014-03-31,22.5649,23.34,22.5331,23.1567,722638,22.8987
2014-04-01,23.1258,23.5618,22.7204,23.1139,364453,23.1305
2014-04-02,23.3953,24.1421,23.0161,23.2172,655275,23.4427
2014-04-03,23.378,23.6937,21.9055,22.0183,270743,22.7489
2014-04-04,21.6635,21.898,21.2145,21.6048,117317,21.5952
2014-04-07,20.9811,21.6386,20.8066,21.5923,598543,21.2546
2014-04-08,20.932,21.6544,20.8645,21.4134,354664,21.2161
2014-04-09,21.4419,21.5149,20.7845,20.8287,403302,21.1425
2014-04-10,20.4692,21.3057,19.9151,21.0906,321054,20.6952
2014-04-11,20.9006,20.9192,19.9514,19.9642,286668,20.4338
2014-04-14,20.0432,20.5122,19.7228,20.1386,554541,20.1042
2014-04-15,20.1801,20.4851,20.0359,20.3536,653732,20.2637
2014-04-16,20.604,21.3388,20.5488,21.2226,514363,20.9285
2014-04-17,21.4397,21.4687,20.7686,20.9935,853368,21.1676
2014-04-18,21.0897,21.659,20.3721,21.0142,351542,21.0338
2014-04-21,20.7817,21.5286,20.1264,21.2846,540265,20.9303
2014-04-22,21.4348,21.7951,20.2952,20.4668,573235,20.998
2014-04-23,20.674,21.3607,20.5188,21.1783,441804,20.933
2014-04-24,21.308,21.3818,20.6574,20.6756,568651,21.0057
2014-04-25,20.923,21.1268,20.0234,20.2479,466446,20.5803
2014-04-28,20.2552,20.6603,19.3956,19.8759,554983,20.0468
2014-04-29,19.8469,20.064,18.7899,19.1189,538422,19.4549
2014-04-30,18.8949,19.1198,18.4532,19.0185,690365,18.8716
2014-05-01,18.9556,19.0702,18.3245,18.9338,494440,18.821
2014-05-02,18.7929,19.1983,18.6719,18.9106,836518,18.8934
2014-05-05,18.6256,18.6461,17.6668,17.8203,318151,18.1897
2014-05-06,17.5419,17.8134,17.2141,17.7118,465310,17.5703
2014-05-07,17.7011,18.1168,17.0647,17.2888,420737,17.5428
2014-05-08,17.2576,17.279,16.9804,17.1994,311182,17.1791
2014-05-09,17.3233,17.5231,16.3965,16.6145,657399,16.9643
2014-05-12,16.5282,16.816,16.5211,16.5613,558617,16.6067
2014-05-13,16.4967,17.3945,16.4889,17.2652,611410,16.9113
2014-05-14,16.8213,17.9527,16.5641,17.7638,332580,17.2755
2014-05-15,17.9385,18.3217,17.8729,17.9699,627555,18.0257
2014-05-16,18.2847,18.4504,18.2118,18.3145,234877,18.3154
2014-05-19,18.2866,18.5374,17.4517,17.6952,254649,17.9927
2014-05-20,17.6298,17.9519,17.5447,17.6825,508349,17.7022
2014-05-21,17.8393,18.0534,17.6681,18.0092,804116,17.8925
2014-05-22,17.8149,18.8267,17.6211,18.7851,654178,18.262
2014-05-23,18.4515,19.969,18.1452,19.1758,437796,18.9354
2014-05-26,19.4969,19.5861,19.216,19.2315,627902,19.3826
2014-05-27,19.4876,20.2165,19.2447,20.0951,691858,19.761
2014-05-28,19.6948,20.3753,19.5524,20.2808,506298,19.9758
2014-05-29,19.9867,20.5989,19.9067,20.2468,399145,20.1848
2014-05-30,20.1694,20.3908,20.1143,20.1371,524231,20.2029
2014-06-02,20.3719,20.6184,19.6745,20.5524,756163,20.3043
2014-06-03,20.2496,20.5314,19.3251,19.3506,542207,19.8642
2014-06-04,19.9889,20.1559,18.3711,18.6007,295315,19.2792
2014-06-05,18.5954,18.6416,18.4457,18.4803,447815,18.5408
2014-06-06,18.4712,19.4025,17.9754,18.7888,573884,18.6595
2014-06-09,18.7007,19.7766,18.4173,19.4372,685710,19.0829
2014-06-10,19.7422,19.8427,18.5695,18.9413,181668,19.2739
2014-06-11,18.7907,18.9118,18.2866,18.6269,403635,18.654
2014-06-12,18.4074,19.4278,18.0781,19.0934,731825,18.7517
2014-06-13,19.2185,19.2274,19.0013,19.1408,521227,19.147
2014-06-16,19.0968,19.9194,18.9412,19.6098,380396,19.3918
2014-06-17,19.8267,20.0491,18.4207,18.6021,757240,19.2246
2014-06-18,19.0148,19.1983,17.6799,17.8201,422583,18.4283
2014-06-19,17.9777,18.3013,17.889,18.2808,445183,18.1122
2014-06-20,18.5252,18.5657,17.451,17.8599,693654,18.1005
2014-06-23,18.1102,18.2763,16.7454,17.0818,403296,17.5534
2014-06-24,17.1436,17.1898,16.2019,16.72,582954,16.8138
2014-06-25,16.8672,16.9476,16.0348,16.2785,265549,16.532
2014-06-26,16.1536,16.2833,15.8914,15.9295,764024,16.0644
2014-06-27,16.182,16.2807,15.3225,15.3596,424036,15.7862
2014-06-30,15.4704,16.2949,15.3528,15.8612,402399,15.7448
2014-07-01,15.8191,15.8689,15.3686,15.5286,458168,15.6463
2014-07-02,15.4357,16.0312,15.3879,15.8535,438403,15.6771
2014-07-03,15.9033,17.4065,15.6574,16.6877,431038,16.4137
2014-07-04,16.8196,16.8749,16.3414,16.5811,591755,16.6542
2014-07-07,16.4765,16.8234,15.6974,15.9397,377283,16.2343
2014-07-08,15.9968,16.0103,15.2733,15.4508,336361,15.6828
2014-07-09,15.4312,16.1959,15.3992,15.8165,520280,15.7107
2014-07-10,15.6775,16.4052,15.4776,15.9132,409018,15.8684
2014-07-11,16.1823,16.3593,15.0684,15.1762,407444,15.6965
2014-07-14,15.2276,15.2551,14.2671,14.6033,621900,14.8383
2014-07-15,14.5809,14.7354,14.0766,14.296,547337,14.4222
2014-07-16,14.258,15.5994,14.24,15.5059,407282,14.9008
2014-07-17,15.3678,15.797,15.0863,15.724,354239,15.4938
2014-07-18,15.5896,15.7442,15.5694,15.7197,369878,15.6557
2014-07-21,15.6923,15.789,15.3201,15.5971,490504,15.5996
2014-07-22,15.4581,16.1534,15.2736,15.9817,653782,15.7167
2014-07-23,15.7412,16.0694,15.404,15.4709,552350,15.6714
2014-07-24,15.2839,16.4301,15.2712,16.377,277526,15.8405
2014-07-25,16.3103,16.4767,14.3965,14.6343,738201,15.4544
2014-07-28,14.6607,14.7209,13.7672,14.0116,442352,14.2901
2014-07-29,13.898,15.4104,13.3767,15.2849,564141,14.4925
2014-07-30,15.3957,15.8047,15.1909,15.392,660870,15.4458
2014-07-31,15.2466,15.519,15.1204,15.2257,546568,15.2779
2014-08-01,15.1708,15.3974,13.9626,14.1706,577065,14.6753
2014-08-04,14.3641,14.7411,13.5594,13.6906,584136,14.0888
2014-08-05,13.6731,13.8425,13.5807,13.8377,577212,13.7335
2014-08-06,13.8998,14.2315,13.8629,14.0373,645830,14.0079
2014-08-07,14.0306,14.4586,14.0269,14.0936,403989,14.1524
2014-08-08,13.9085,14.6914,13.8388,14.66,642650,14.2747
2014-08-11,14.3721,15.1356,14.1731,14.9592,476165,14.66
2014-08-12,15.1728,15.2538,13.9747,14.218,379265,14.6548
2014-08-13,14.1629,14.2539,13.4189,13.7036,332817,13.8848
2014-08-14,13.7809,14.4079,13.5975,14.1617,638972,13.987
2014-08-15,14.1044,14.4869,13.7753,14.4851,550116,14.2129
2014-08-18,14.312,14.9421,14.0945,14.902,446045,14.5627
2014-08-19,15.1953,15.2139,13.9248,13.9648,556724,14.5747
2014-08-20,14.2537,14.8815,14.082,14.631,550921,14.462
2014-08-21,14.6686,14.7154,14.4456,14.4782,267436,14.577
2014-08-22,14.4391,14.4412,13.7463,14.085,599677,14.1779
2014-08-25,14.119,14.3752,14.0018,14.0808,454832,14.1442
2014-08-26,13.8154,14.3349,13.5888,14.1773,567397,13.9791
2014-08-27,14.3853,14.7863,14.3527,14.6504,319339,14.5437
2014-08-28,14.6427,15.4369,14.5287,15.2854,567645,14.9735
2014-08-29,15.1025,16.0058,15.0123,15.8098,166699,15.4826
2014-09-01,16.4052,16.5103,15.9382,15.9535,581204,16.2018
2014-09-02,15.7992,16.818,15.5494,16.2594,308227,16.1065
2014-09-03,16.0967,16.3645,15.188,15.5446,552804,15.7985
2014-09-04,15.6023,15.639,15.242,15.411,338694,15.4736
2014-09-05,15.2221,16.1169,15.1428,15.8789,656849,15.5901
2014-09-08,15.7015,15.8337,15.5851,15.8117,691470,15.733
2014-09-09,15.6956,16.1308,15.3805,15.5308,357690,15.6844
2014-09-10,15.1413,15.7554,15.1256,15.6427,331467,15.4163
2014-09-11,15.9511,16.3772,15.7516,16.289,137704,16.0922
2014-09-12,16.2937,16.5068,15.5128,15.6224,669006,15.9839
2014-09-15,15.9176,15.9299,15.3443,15.6402,420102,15.708
2014-09-16,15.8709,15.9279,15.0805,15.2766,699433,15.539
2014-09-17,15.5258,16.7005,15.4907,16.3833,739656,16.0251
2014-09-18,16.3882,17.1307,16.1078,16.4189,447307,16.5114
2014-09-19,16.5345,16.9289,16.1725,16.9175,274619,16.6384
2014-09-22,16.7517,17.5142,16.5456,17.4233,519986,17.0587
2014-09-23,17.649,18.0802,17.4047,17.8915,639389,17.7563
2014-09-24,17.8823,18.3111,17.708,18.0613,393935,17.9907
2014-09-25,18.4655,18.5654,16.995,17.1763,720081,17.8006
2014-09-26,17.3522,17.5027,16.9004,17.4078,476399,17.2908
2014-09-29,17.3188,17.7881,17.2472,17.4936,152696,17.4619
2014-09-30,17.5528,17.8713,17.3477,17.8515,476906,17.6558
2014-10-01,17.6382,18.1455,17.0753,17.2125,298846,17.5179
2014-10-02,17.0531,17.2024,16.5039,16.7779,170612,16.8843
2014-10-03,16.5715,17.3017,16.0595,17.2527,749328,16.7963
2014-10-06,17.4534,17.9196,17.0627,17.2369,418089,17.4181
2014-10-07,17.2937,17.6434,17.1311,17.2749,478192,17.3358
2014-10-08,17.513,18.7358,17.1763,18.6587,232175,18.0209
2014-10-09,18.9831,19.9586,18.9642,19.6425,364865,19.3871
2014-10-10,19.4373,19.6438,18.977,19.5709,738105,19.4073
2014-10-13,19.329,19.5507,18.9362,19.3391,264486,19.2887
2014-10-14,19.5192,19.9241,18.8029,18.9649,670321,19.3028
2014-10-15,19.122,19.3319,16.9758,18.0576,314741,18.3718
2014-10-16,18.0334,18.3336,17.884,17.9332,635713,18.046
2014-10-17,18.1438,18.1992,16.4905,16.9282,567743,17.4404
2014-10-20,16.6434,16.7615,16.5404,16.5928,590520,16.6345
2014-10-21,16.6776,17.4784,16.5679,16.9873,551460,16.9278
2014-10-22,16.9844,17.1107,16.0368,16.6396,398896,16.6929
2014-10-23,16.5038,17.1992,16.3054,16.9859,431921,16.7486
2014-10-24,16.9171,17.2946,16.1813,17.2297,443487,16.9057
2014-10-27,17.3303,17.5159,16.8356,17.1529,709185,17.2087
2014-10-28,17.1561,17.4498,16.2259,16.3203,617784,16.7881
2014-10-29,16.4311,16.6728,15.6653,15.6957,360970,16.1162
2014-10-30,15.7625,15.7922,15.34,15.5366,598627,15.6078
2014-10-31,15.6403,16.0358,14.3111,14.6229,522020,15.1525
2014-11-03,14.4725,15.899,14.1326,15.5197,587227,15.0059
2014-11-04,15.1335,16.532,15.04,16.3657,555632,15.7678
2014-11-05,16.4904,16.7011,15.6118,16.0853,154541,16.2221
2014-11-06,16.2386,16.6107,15.1831,15.3793,401992,15.8529
2014-11-07,15.5973,16.0624,15.2778,15.9887,346260,15.7316
2014-11-10,15.5596,16.2772,15.3363,16.2693,682831,15.8606
2014-11-11,16.3798,17.0989,16.0758,16.9603,536558,16.6287
2014-11-12,16.9958,17.0062,16.4725,16.8107,424147,16.8213
2014-11-13,16.7867,16.8979,16.331,16.8523,456164,16.717
2014-11-14,17.0866,17.3499,15.7377,15.7649,314788,16.4848
2014-11-17,15.6396,16.496,15.5479,16.088,553227,15.9429
2014-11-18,16.2399,16.9103,16.147,16.491,300316,16.4471
2014-11-19,16.6283,16.9176,16.26,16.4761,449734,16.5705
2014-11-20,16.423,17.472,16.2209,17.4058,590084,16.8804
2014-11-21,17.5286,17.8758,17.3593,17.4004,370115,17.541
2014-11-24,17.1957,17.7367,17.141,17.5828,628227,17.4141
2014-11-25,17.6828,17.7562,17.5686,17.6423,508839,17.6625
2014-11-26,17.641,17.9996,17.2082,17.2173,625415,17.5165
2014-11-27,17.5141,18.0468,17.4525,17.6753,459732,17.6722
2014-11-28,17.7879,18.0667,17.4965,17.9414,753158,17.8231
2014-12-01,17.975,19.6312,17.9083,19.3342,616727,18.7121
2014-12-02,19.6112,19.8187,18.3548,18.7009,478467,19.1214
2014-12-03,18.7415,19.2673,18.5248,18.9188,527468,18.8631
2014-12-04,18.8754,19.0429,18.857,18.9962,425058,18.9429
2014-12-05,19.1655,19.3577,18.8715,19.2055,405573,19.1501
2014-12-08,19.1831,20.0056,18.6617,19.9857,934512,19.459
2014-12-09,19.5929,20.8193,19.2027,20.1549,605114,19.9425
2014-12-10,20.234,21.669,20.0787,21.378,250267,20.8399
2014-12-11,21.3586,21.6843,21.1292,21.2112,755774,21.3458
2014-12-12,21.2819,21.5294,21.2059,21.51,499220,21.3818
2014-12-15,21.6104,21.624,21.1693,21.3037,600596,21.4268
2014-12-16,21.3367,21.9079,20.8223,20.8785,501400,21.2363
2014-12-17,21.0842,21.6126,20.1385,20.4892,479637,20.8311
